iter	Logloss
0	0.3914407561
1	0.2639061497
2	0.1883564137
3	0.1500828679
4	0.1216334245
5	0.1038392162
6	0.09101462261
7	0.08279477996
8	0.07655210432
9	0.07168505593
